<?xml version="1.0" encoding="UTF-8"?>
<logicaltopology>
  <port type="controller" id="1" connectionPort="0">
    <accepts controller="game.controller.genesis.3button"/>
    <accepts controller="game.controller.genesis.6button"/>
    <accepts controller="game.controller.genesis.mouse"/>
    <accepts controller="game.controller.genesis.teamplayer">
      <port type="controller" id="1" connectionPort="-1" forceConnected="true">
        <accepts controller="game.controller.genesis.3button"/>
        <accepts controller="game.controller.genesis.6button"/>
      </port>
      <port type="controller" id="2" connectionPort="-1" forceConnected="true">
        <accepts controller="game.controller.genesis.3button"/>
        <accepts controller="game.controller.genesis.6button"/>
      </port>
      <port type="controller" id="3" connectionPort="-1" forceConnected="true">
        <accepts controller="game.controller.genesis.3button"/>
        <accepts controller="game.controller.genesis.6button"/>
      </port>
      <port type="controller" id="4" connectionPort="-1" forceConnected="true">
        <accepts controller="game.controller.genesis.3button"/>
        <accepts controller="game.controller.genesis.6button"/>
      </port>
    </accepts>
  </port>
  <port type="controller" id="2" connectionPort="1">
    <accepts controller="game.controller.genesis.3button"/>
    <accepts controller="game.controller.genesis.6button"/>
    <accepts controller="game.controller.genesis.mouse"/>
    <accepts controller="game.controller.genesis.4wayplay">
      <port type="controller" id="1" connectionPort="-1" forceConnected="true">
        <accepts controller="game.controller.genesis.3button"/>
        <accepts controller="game.controller.genesis.6button"/>
      </port>
      <port type="controller" id="2" connectionPort="-1" forceConnected="true">
        <accepts controller="game.controller.genesis.3button"/>
        <accepts controller="game.controller.genesis.6button"/>
      </port>
      <port type="controller" id="3" connectionPort="-1" forceConnected="true">
        <accepts controller="game.controller.genesis.3button"/>
        <accepts controller="game.controller.genesis.6button"/>
      </port>
      <port type="controller" id="4" connectionPort="-1" forceConnected="true">
        <accepts controller="game.controller.genesis.3button"/>
        <accepts controller="game.controller.genesis.6button"/>
      </port>
    </accepts>
    <accepts controller="game.controller.genesis.teamplayer">
      <port type="controller" id="1" connectionPort="-1" forceConnected="true">
        <accepts controller="game.controller.genesis.3button"/>
        <accepts controller="game.controller.genesis.6button"/>
      </port>
      <port type="controller" id="2" connectionPort="-1" forceConnected="true">
        <accepts controller="game.controller.genesis.3button"/>
        <accepts controller="game.controller.genesis.6button"/>
      </port>
      <port type="controller" id="3" connectionPort="-1" forceConnected="true">
        <accepts controller="game.controller.genesis.3button"/>
        <accepts controller="game.controller.genesis.6button"/>
      </port>
      <port type="controller" id="4" connectionPort="-1" forceConnected="true">
        <accepts controller="game.controller.genesis.3button"/>
        <accepts controller="game.controller.genesis.6button"/>
      </port>
    </accepts>
  </port>
</logicaltopology>
