<?xml version="1.0" encoding="UTF-8"?>
<addon id="game.libretro.mame2003_midway"
		name="Arcade (MAME 2003 Midway)"
		version="0.78.0.3"
		provider-name="MAMEdev">
	<requires>
		<import addon="game.libretro" version="1.0.0"/>
	</requires>
	<extension point="kodi.gameclient"
			library_windows="game.libretro.mame2003_midway.dll">
		<platforms></platforms>
		<extensions>zip</extensions>
		<supports_vfs>false</supports_vfs>
		<supports_standalone>false</supports_standalone>
	</extension>
	<extension point="xbmc.addon.metadata">
		<summary lang="en_GB">Arcade (MAME 2003 Midway) 0.78</summary>
		<description lang="en_GB">Supported files: .zip</description>
		<license>MAME</license>
		<platform>windows-i686</platform>
		<source>https://github.com/kodi-game/game.libretro.mame2003_midway</source>
	</extension>
</addon>
