<?xml version="1.0" encoding="UTF-8"?>
<addon id="game.libretro.genplus-wide"
		name="Sega - MS/GG/MD/CD (Genesis Plus GX Wide)"
		version="1.7.4.30"
		provider-name="Charles McDonald, Eke-Eke, heyjoeway">
	<requires>
		<import addon="game.libretro" version="1.0.0"/>
		<import addon="game.controller.genesis.3button" version="1.0.0"/>
		<import addon="game.controller.genesis.6button" version="1.0.0"/>
		<import addon="game.controller.genesis.mouse" version="1.0.0"/>
		<import addon="game.controller.genesis.4wayplay" version="1.0.0"/>
		<import addon="game.controller.genesis.teamplayer" version="1.0.0"/>
		<import addon="resource.games.libretro.restricted" version="1.0.0" optional="true"/>
	</requires>
	<extension point="kodi.gameclient"
			library_windows="game.libretro.genplus-wide.dll">
		<platforms></platforms>
		<extensions>m3u|mdx|md|smd|gen|bin|cue|iso|chd|bms|sms|gg|sg|68k|sgd</extensions>
		<supports_vfs>false</supports_vfs>
		<supports_standalone>false</supports_standalone>
		<requires_opengl>false</requires_opengl>
	</extension>
	<extension point="xbmc.addon.metadata">
		<license>Non-commercial</license>
		<platform>windows-i686</platform>
		<source>https://github.com/kodi-game/game.libretro.genplus-wide</source>
		<assets>
			<icon>resources/icon.png</icon>
			<screenshot>resources/screenshot-01.jpg</screenshot>
			<screenshot>resources/screenshot-02.jpg</screenshot>
			<screenshot>resources/screenshot-03.jpg</screenshot>
		</assets>
		<summary lang="da_DK">Sega - MS/GG/MD/CD (Genesis Plus GX Wide)</summary>
		<summary lang="en_GB">Sega - MS/GG/MD/CD (Genesis Plus GX Wide)</summary>
		<summary lang="es_ES">Sega - MS/GG/MD/CD (Genesis Plus GX Ancho)</summary>
		<summary lang="zh_CN">世嘉 - MS/GG/MD/CD (Genesis Plus GX Wide)</summary>
		<description lang="da_DK">En widescreen-modifikation af Genesis Plus GX, en Sega/Genesis/Mega CD-emulator, der oprindeligt kørte på GameCube.</description>
		<description lang="de_DE">Eine Widescreen-Modifikation von Genesis Plus GX, einem Sega/Genesis/Mega CD-Emulator, der ursprünglich auf dem GameCube lief.</description>
		<description lang="en_GB">A widescreen modification of Genesis Plus GX, a Sega/Genesis/Mega CD emulator that originally ran on the GameCube.</description>
		<description lang="es_ES">Una modificación para pantalla panorámica de Genesis Plus GX, un emulador de Sega/Genesis/Mega CD que originalmente funcionaba en GameCube.</description>
		<description lang="it_IT">Una modifica widescreen di Genesis Plus GX, un emulatore di Sega/Genesis/Mega CD originariamente eseguito su GameCube.</description>
		<description lang="zh_CN">Genesis Plus GX 的宽屏修改，这是最初在 GameCube 上运行的 Sega/Genesis/Mega CD 模拟器。</description>
	</extension>
</addon>
