<?xml version="1.0" encoding="UTF-8"?>
<addon id="game.libretro.mame2003_midway"
		name="Arcade (MAME 2003 Midway)"
		version="0.78.0.24"
		provider-name="MAMEdev">
	<requires>
		<import addon="game.libretro" version="1.0.0"/>
	</requires>
	<extension point="kodi.gameclient"
			library_android="libgame.libretro.mame2003_midway.so">
		<platforms></platforms>
		<extensions>zip</extensions>
		<supports_vfs>false</supports_vfs>
		<supports_standalone>false</supports_standalone>
		<requires_opengl>false</requires_opengl>
	</extension>
	<extension point="xbmc.addon.metadata">
		<license>MAME</license>
		<platform>android-armv7</platform>
		<source>https://github.com/kodi-game/game.libretro.mame2003_midway</source>
		<assets>
			<icon>resources/icon.png</icon>
		</assets>
		<summary lang="da_DK">Arcade (MAME 2003 Midway)</summary>
		<summary lang="en_GB">Arcade (MAME 2003 Midway)</summary>
		<summary lang="es_ES">Arcade (MAME 2003 Midway)</summary>
		<summary lang="it_IT">Arcade (MAME 2003 Midway)</summary>
		<summary lang="zh_CN">街机（MAME 2003 Midway）</summary>
		<description lang="da_DK">MAME 2003 med speedhack til Midway-lydhardwaren brugt i Mortal Kombat 2, 3 og andre.</description>
		<description lang="de_DE">MAME 2003 mit Speedhack für die Midway-Sound-Hardware, die in Mortal Kombat 2, 3 und anderen verwendet wurde.</description>
		<description lang="en_GB">MAME 2003 with speedhack for the Midway sound hardware used in Mortal Kombat 2, 3 and others.</description>
		<description lang="es_ES">MAME 2003 con speedhack para el hardware de sonido Midway utilizado en Mortal Kombat 2, 3 y otros.</description>
		<description lang="it_IT">MAME 2003 con speedhack per l&apos;hardware audio Midway utilizzato in Mortal Kombat 2, 3 e altri.</description>
		<description lang="zh_CN">MAME 2003 加上针对《真人快打2》、《真人快打3》和其他游戏中使用的 Midway 声音硬件的 speedhack。</description>
	</extension>
</addon>
